product_id,product_name,category,brand,unit_price,manufacturing_Cost,weight_KG,shelf_life_days
1,Policy Product,Bakery,Berry Ltd,100,228,1,101
2,Year Product,Bakery,Silva Ltd,96,227,3,332
3,Drug Product,Dairy,"Hodge, Cordova and Martin",64,46,1,338
4,Response Product,Beverages,"Adams, Coleman and Fisher",303,220,4,244
5,Owner Product,Snacks,Curry-Long,252,98,4,111
6,Main Product,Bakery,"Larson, Le and Peck",240,98,1,202
7,Garden Product,Beverages,Ford Inc,92,47,4,339
8,Important Product,Personal Care,Smith LLC,413,224,3,223
9,Believe Product,Beverages,"Dominguez, Perry and Mason",298,252,3,215
10,Provide Product,Frozen Foods,Cortez-Gomez,137,39,3,178
11,Like Product,Beverages,Williams and Sons,435,263,2,262
12,Congress Product,Bakery,"Cox, Young and Jarvis",425,66,2,166
13,Friend Product,Bakery,Glover-Thomas,471,201,3,117
14,Design Product,Frozen Foods,Reed-Wright,378,66,2,357
15,Very Product,Bakery,Sanchez Group,301,212,4,58
16,Quickly Product,Snacks,Huber-Miller,420,245,2,63
17,Often Product,Snacks,Giles LLC,461,179,4,138
18,War Product,Bakery,Stone-Smith,275,268,3,103
19,Among Product,Personal Care,"Sims, Novak and Smith",113,229,3,329
20,Some Product,Dairy,"Lawson, Daniels and Robinson",454,132,1,100
21,Man Product,Frozen Foods,Hanna Inc,272,232,4,108
22,Represent Product,Bakery,"Franco, Hobbs and Kelly",122,211,3,227
23,Us Product,Dairy,Murphy-Williams,318,151,1,313
24,Day Product,Beverages,Carlson and Sons,356,52,4,166
25,Throughout Product,Bakery,"Davis, West and Hardy",203,102,1,31
26,Relationship Product,Bakery,Tyler Group,444,94,3,121
27,End Product,Frozen Foods,Gallegos-Burnett,461,264,2,357
28,Edge Product,Frozen Foods,Olson-Mcconnell,324,63,4,306
29,Organization Product,Frozen Foods,Rollins-Kirby,463,188,2,87
30,Word Product,Personal Care,"Anderson, Spencer and Noble",445,253,2,59
31,Artist Product,Snacks,Jackson PLC,445,285,1,278
32,House Product,Beverages,"Holmes, Henry and Mclaughlin",490,169,1,273
33,Dream Product,Frozen Foods,"Taylor, Palmer and Allen",124,168,3,138
34,Develop Product,Frozen Foods,Jones PLC,390,213,4,234
35,Skill Product,Bakery,Daniels-Rich,342,143,3,91
36,Realize Product,Snacks,Cabrera Group,151,115,3,147
37,Within Product,Frozen Foods,Crawford-Molina,149,40,3,147
38,Front Product,Beverages,Whitehead PLC,457,261,0,151
39,Dinner Product,Personal Care,Mcdonald-Riley,351,80,1,322
40,Near Product,Frozen Foods,Jones-Hall,263,240,4,127
41,Them Product,Beverages,Compton-Burke,94,141,2,269
42,Third Product,Bakery,"Obrien, Townsend and White",74,203,3,61
43,Yes Product,Dairy,Pittman Ltd,378,244,1,128
44,Man Product,Snacks,Gallegos-Robinson,291,59,1,266
45,Military Product,Snacks,Brown PLC,444,41,4,311
46,Film Product,Beverages,Logan Ltd,73,300,4,77
47,Again Product,Snacks,Potter-Johnson,125,156,1,235
48,Key Product,Beverages,"Schultz, Huff and Cooper",124,21,2,262
49,Impact Product,Personal Care,Dunn PLC,240,288,5,314
50,Without Product,Bakery,Sparks Group,373,63,2,59
51,Form Product,Frozen Foods,Reed Ltd,381,37,2,55
52,Popular Product,Frozen Foods,Lozano Ltd,265,277,3,59
53,Rest Product,Frozen Foods,Chapman Inc,86,72,3,150
54,Meet Product,Dairy,Braun Inc,104,269,1,334
55,Professional Product,Beverages,Valdez-Levine,329,137,3,297
56,Difference Product,Personal Care,"Bates, Clark and Dalton",471,77,4,152
57,Civil Product,Personal Care,Edwards-Johnson,228,208,2,191
58,Tax Product,Beverages,Barr-Foster,54,194,3,81
59,International Product,Beverages,Wilkinson-Weaver,292,162,1,208
60,Form Product,Beverages,"Lane, Knight and Yang",446,123,1,308
61,Organization Product,Bakery,Rodgers Ltd,186,295,4,300
62,Today Product,Beverages,"Simpson, Williams and Jones",351,175,5,83
63,Type Product,Snacks,Vazquez LLC,169,269,4,109
64,Carry Product,Personal Care,Taylor-Hood,177,79,2,354
65,Care Product,Personal Care,Smith-Barnes,277,90,5,56
66,I Product,Beverages,"Wright, Smith and Smith",335,252,0,200
67,Career Product,Snacks,Miller-Page,337,93,4,312
68,Officer Product,Bakery,Jones-Miranda,242,23,0,106
69,Within Product,Frozen Foods,"Thompson, Wilson and Holder",66,123,3,250
70,Meet Product,Snacks,"Wright, Flores and Morgan",69,122,5,50
71,Another Product,Personal Care,"Webb, Phillips and Sanders",145,90,1,316
72,Admit Product,Dairy,Ramsey-Lee,488,230,5,151
73,Product Product,Snacks,Spence and Sons,489,247,4,42
74,Station Product,Snacks,Dawson-Matthews,381,113,5,157
75,Professor Product,Personal Care,Bauer-Charles,122,216,2,49
76,Treatment Product,Dairy,Nelson and Sons,150,249,2,186
77,Memory Product,Snacks,Martinez-Melton,150,205,2,172
78,Effort Product,Beverages,Kidd-Clark,485,98,3,234
79,Grow Product,Bakery,Rodriguez-Paul,492,170,5,89
80,Month Product,Personal Care,Carr-Castro,130,290,1,85
81,Travel Product,Frozen Foods,Austin Ltd,246,224,2,340
82,Back Product,Frozen Foods,"Hernandez, Green and Mcmahon",102,272,1,52
83,Window Product,Bakery,Green-Peters,246,166,4,130
84,Player Product,Personal Care,Graves PLC,244,286,5,349
85,Thought Product,Personal Care,"Crawford, Jacobs and Montoya",349,55,5,289
86,Tough Product,Personal Care,"Mcbride, Franklin and Wheeler",350,111,4,313
87,While Product,Snacks,Elliott-Thornton,136,206,2,119
88,Best Product,Frozen Foods,King and Sons,306,134,4,185
89,Face Product,Personal Care,Collins PLC,145,240,3,194
90,Reduce Product,Dairy,Buchanan Group,249,209,3,116
91,Sound Product,Bakery,Jordan-Martin,88,164,3,201
92,Sure Product,Beverages,"Patton, Garcia and Bailey",418,230,3,145
93,Sure Product,Snacks,Barr LLC,116,33,5,342
94,Start Product,Beverages,"Rivera, Wolf and Reyes",255,268,3,226
95,Especially Product,Dairy,"Mcdonald, Glass and Caldwell",230,61,3,84
96,Whether Product,Dairy,Paul Inc,148,245,4,267
97,Start Product,Beverages,Page-Romero,301,277,1,98
98,Everyone Product,Dairy,Holland and Sons,350,297,3,256
99,Us Product,Frozen Foods,Newton-Ross,417,270,2,310
100,Kitchen Product,Dairy,Lawrence Ltd,454,228,2,162
101,Bank Product,Snacks,Coleman-Harris,428,98,4,278
102,Role Product,Bakery,Schroeder-Hanson,158,143,4,150
103,Mother Product,Personal Care,"Potter, Briggs and Welch",201,270,0,107
104,Issue Product,Snacks,"Horne, Saunders and Johnson",222,63,1,242
105,Both Product,Dairy,Russell-Warren,199,150,0,245
106,Hard Product,Dairy,"Glenn, Clark and Moss",457,184,4,324
107,Different Product,Dairy,Schwartz LLC,265,284,2,229
108,Table Product,Dairy,"Young, Glover and Wright",292,226,4,142
109,Relationship Product,Dairy,Carter LLC,149,142,0,202
110,Here Product,Bakery,"Weaver, Mendoza and Roberts",356,133,1,269
111,Later Product,Snacks,"Ramirez, Suarez and King",491,170,5,333
112,To Product,Frozen Foods,Jackson-Singleton,348,44,2,266
113,Green Product,Snacks,Thompson Ltd,73,126,1,197
114,Among Product,Personal Care,Roberts LLC,393,126,4,245
115,Put Product,Personal Care,Davis-Duncan,426,152,4,56
116,Safe Product,Personal Care,"Holden, Zamora and Edwards",151,39,5,50
117,Believe Product,Beverages,"Wright, Lara and Flynn",477,76,0,108
118,Develop Product,Snacks,Lawrence-Hill,107,207,3,141
119,Your Product,Dairy,Johnson Inc,365,235,1,340
120,Subject Product,Bakery,Taylor Ltd,373,238,1,189
121,Long Product,Beverages,"Cooper, Wright and Reynolds",310,280,3,222
122,First Product,Dairy,"Clark, Mcintyre and Day",474,76,3,351
123,Red Product,Snacks,King-Arias,96,236,4,337
124,Price Product,Beverages,Smith-Dunn,408,178,0,302
125,Leg Product,Dairy,Baker-Ochoa,348,39,3,36
126,Impact Product,Dairy,"Sutton, Savage and Guzman",420,50,5,355
127,South Product,Dairy,"Cooper, Gonzales and Middleton",368,142,4,363
128,Economic Product,Personal Care,"Chase, Ramirez and Morales",327,277,4,268
129,Red Product,Dairy,"Contreras, Jackson and Brown",422,186,2,155
130,Attention Product,Beverages,Perry-Webb,176,146,4,321
131,Need Product,Frozen Foods,Lee-Cabrera,351,114,3,196
132,Positive Product,Snacks,Franklin-Pineda,269,119,1,173
133,Threat Product,Frozen Foods,"Harris, Mccarthy and Ward",366,97,0,127
134,Until Product,Beverages,"Fields, Reed and Russell",159,134,3,153
135,White Product,Bakery,"Carson, Lewis and Hamilton",264,219,2,38
136,Security Product,Beverages,Cherry Group,182,133,1,327
137,Bad Product,Personal Care,"Young, Mccarthy and Ryan",263,169,2,311
138,Technology Product,Personal Care,Johnston and Sons,208,147,2,148
139,Keep Product,Beverages,"Baker, Willis and Rodriguez",375,108,4,124
140,Service Product,Snacks,Lyons Inc,147,156,4,298
141,Central Product,Frozen Foods,"Martin, Reed and Ford",177,48,1,146
142,Great Product,Personal Care,"Austin, Orozco and Paul",131,24,3,170
143,National Product,Beverages,"Mays, Bowers and Foster",488,175,4,94
144,Beyond Product,Bakery,Nelson and Sons,441,157,4,323
145,Let Product,Personal Care,Anderson PLC,261,143,1,56
146,Already Product,Personal Care,"Brown, Sullivan and Davis",473,154,4,235
147,Firm Product,Dairy,Robinson-Rowland,83,196,0,106
148,Management Product,Frozen Foods,Hartman-Sutton,477,44,1,315
149,Too Product,Dairy,"Brennan, Hogan and Chen",323,241,1,297
150,Set Product,Dairy,Christensen-Christensen,253,144,4,249
151,Kind Product,Personal Care,"Hernandez, Waller and Jordan",306,37,5,80
152,Everybody Product,Snacks,"Hughes, Hodge and Haynes",331,94,1,152
153,Technology Product,Snacks,Burns-Ortiz,298,64,2,334
154,Response Product,Dairy,Brown-Gonzalez,181,85,4,262
155,Current Product,Beverages,Castillo PLC,359,279,4,350
156,Bill Product,Frozen Foods,Lane Group,348,281,2,308
157,Physical Product,Snacks,"Powell, Snyder and Mcclure",341,274,4,66
158,Analysis Product,Beverages,Webster-Sanders,125,106,4,321
159,Answer Product,Personal Care,"Trujillo, Haley and Matthews",248,151,2,236
160,Practice Product,Personal Care,Mendez Inc,275,158,0,50
161,Culture Product,Dairy,"Gates, Lawrence and Perez",381,189,0,147
162,Himself Product,Bakery,Wilson LLC,426,181,5,167
163,Within Product,Frozen Foods,Holland-Gill,68,232,2,363
164,Wonder Product,Dairy,"Ortiz, Ferrell and Thompson",462,71,3,355
165,Receive Product,Dairy,"Lewis, Dawson and Garcia",486,152,2,194
166,Scientist Product,Bakery,Hopkins-Burnett,97,65,2,283
167,Sing Product,Personal Care,"Hernandez, Graves and Johnson",348,132,4,48
168,Pull Product,Dairy,"Harmon, Byrd and Ferguson",90,91,1,236
169,Push Product,Frozen Foods,"Campbell, Preston and Chavez",421,20,4,266
170,Read Product,Dairy,Norton-Robinson,74,165,3,285
171,Ever Product,Bakery,"King, Williams and Hernandez",249,34,1,97
172,Also Product,Personal Care,Stewart PLC,247,216,1,352
173,Claim Product,Frozen Foods,"Norris, Wheeler and Martin",410,219,2,37
174,Bag Product,Frozen Foods,Lin-Mcconnell,234,83,4,88
175,Building Product,Dairy,Green-Becker,476,201,1,179
176,Decision Product,Frozen Foods,Miller Group,367,136,2,271
177,Us Product,Snacks,Bolton-Weaver,256,61,1,336
178,Center Product,Frozen Foods,Vasquez Group,386,58,0,242
179,Simply Product,Personal Care,Chapman Ltd,470,162,4,174
180,Near Product,Bakery,"Garner, Morton and Atkins",184,184,5,280
181,Impact Product,Snacks,"Cole, Herrera and Dunn",251,156,2,308
182,Store Product,Dairy,Stephens Group,255,110,1,152
183,Happen Product,Frozen Foods,Fleming-Wong,222,260,2,192
184,Create Product,Bakery,Walker LLC,263,276,2,363
185,Bill Product,Snacks,Watts-Gonzalez,273,30,3,332
186,Front Product,Personal Care,Miller-Johnston,441,265,2,299
187,Moment Product,Dairy,"Marks, Black and Valenzuela",57,60,4,109
188,Watch Product,Beverages,"Castillo, Lucas and Howard",261,291,2,233
189,Instead Product,Bakery,Snyder Ltd,86,112,3,303
190,Billion Product,Dairy,Williams Ltd,479,196,4,279
191,Factor Product,Frozen Foods,Salas-Haynes,66,39,3,177
192,Form Product,Snacks,Michael and Sons,386,142,1,354
193,Size Product,Bakery,"Hoffman, Ford and Hubbard",443,144,4,44
194,Decade Product,Beverages,Harris-Thomas,196,36,2,250
195,Above Product,Snacks,Martin-Brooks,160,135,3,122
196,Central Product,Snacks,Zhang LLC,129,191,2,153
197,Than Product,Dairy,Higgins-Brandt,461,60,2,160
198,Environment Product,Dairy,Ray Group,165,23,4,177
199,Analysis Product,Bakery,Thompson and Sons,296,41,5,330
200,Require Product,Personal Care,"Anderson, Wright and Beard",338,139,1,184
201,This Product,Snacks,Chaney-Nielsen,500,259,1,225
202,All Product,Frozen Foods,"Raymond, Oliver and Lowe",212,103,4,41
203,Pressure Product,Bakery,Aguilar Group,228,22,4,55
204,Grow Product,Frozen Foods,Harrell and Sons,385,253,5,147
205,Sister Product,Frozen Foods,"Robles, Nielsen and Hancock",411,81,1,158
206,Range Product,Bakery,"Sullivan, Diaz and Harper",390,235,3,100
207,Sometimes Product,Bakery,Fisher-Mcgee,94,196,0,255
208,Determine Product,Beverages,Jones-Graham,311,225,1,181
209,Various Product,Personal Care,"Morrison, Strickland and Pittman",386,69,1,306
210,Trial Product,Personal Care,"Wallace, Bailey and Gallagher",289,276,4,161
211,Avoid Product,Dairy,"Rodriguez, Jackson and Fletcher",485,103,4,88
212,Able Product,Dairy,"Ortega, Kelly and Gordon",483,59,5,233
213,Fear Product,Frozen Foods,Rodriguez-Black,215,241,0,304
214,Available Product,Beverages,Lara-Phelps,255,208,3,329
215,Ten Product,Dairy,"Neal, Simmons and Scott",420,283,1,149
216,Bring Product,Dairy,"Wheeler, Allen and Ross",61,268,3,342
217,Phone Product,Snacks,Hall Inc,341,198,2,184
218,Remember Product,Bakery,"Peterson, Johnson and Carpenter",234,59,5,185
219,Instead Product,Dairy,Cervantes and Sons,102,86,3,228
220,Surface Product,Dairy,Bates-Hubbard,217,286,4,306
221,Above Product,Dairy,Reed-Bullock,314,223,4,365
222,Find Product,Beverages,Werner-Daniel,425,192,5,173
223,May Product,Beverages,"Kramer, Garza and Morton",361,81,2,150
224,Set Product,Personal Care,Clayton-Castillo,95,212,3,360
225,Goal Product,Personal Care,Thompson Group,77,97,5,262
226,Tv Product,Beverages,Crane-Brown,348,200,3,40
227,That Product,Beverages,"Wright, Jones and Taylor",404,88,1,319
228,Value Product,Snacks,Rodriguez Group,81,234,1,140
229,Nothing Product,Snacks,Jones Inc,198,61,5,31
230,Already Product,Personal Care,Warren LLC,436,61,1,158
231,Early Product,Snacks,Brown Ltd,99,263,1,213
232,Responsibility Product,Snacks,Cook PLC,315,24,1,94
233,None Product,Bakery,"Smith, Mcbride and Sims",239,52,0,259
234,Argue Product,Personal Care,Chambers-Johnson,281,51,3,344
235,Glass Product,Beverages,"Cameron, Fowler and Bradley",377,274,3,184
236,Step Product,Dairy,"Greene, Hood and Rodriguez",340,29,5,235
237,Firm Product,Dairy,Sanchez Ltd,359,157,5,67
238,Stage Product,Beverages,Johnson Ltd,195,62,1,349
239,Thing Product,Bakery,"Scott, Pena and Conley",313,219,2,335
240,Rather Product,Frozen Foods,Harmon-Brennan,183,162,2,88
241,Draw Product,Bakery,Stokes-Smith,343,235,4,140
242,Include Product,Dairy,Morton Ltd,253,84,2,262
243,Anyone Product,Dairy,Jimenez Inc,237,47,2,160
244,Quality Product,Personal Care,Oliver Group,479,212,2,76
245,Way Product,Beverages,"Roberts, Arnold and Bates",92,47,4,96
246,Necessary Product,Frozen Foods,Holmes PLC,77,288,3,92
247,Rate Product,Dairy,Adams-Hernandez,209,206,4,56
248,More Product,Personal Care,Harper LLC,320,118,3,138
249,Process Product,Snacks,"Cooper, Pineda and Lawson",346,83,1,314
250,Thousand Product,Personal Care,Sanchez Group,102,98,1,249
251,Public Product,Frozen Foods,Harrell-Spencer,489,249,3,359
252,Reflect Product,Frozen Foods,"Rodriguez, Wilcox and Tran",62,280,4,166
253,Artist Product,Beverages,Ortega-Ali,131,217,2,203
254,Environment Product,Personal Care,Cook Inc,53,264,3,235
255,Walk Product,Beverages,Williamson PLC,114,197,0,301
256,Leave Product,Snacks,"Reilly, West and Bates",219,147,1,189
257,Individual Product,Bakery,Johnson Group,196,284,3,56
258,Prevent Product,Snacks,Jones-Bauer,121,193,3,169
259,Performance Product,Dairy,Knox PLC,348,156,2,169
260,Ago Product,Snacks,"Snyder, Gibbs and Hobbs",390,52,2,175
261,Station Product,Bakery,White Group,355,156,3,53
262,Perform Product,Snacks,Stewart-Gonzales,228,188,0,184
263,Sound Product,Snacks,"Chapman, Santiago and Olson",395,234,2,91
264,Until Product,Beverages,Payne-Larson,274,141,1,302
265,Guy Product,Bakery,Russell-Rodriguez,154,176,3,211
266,Why Product,Beverages,Harrison-Castillo,229,228,2,265
267,Her Product,Beverages,Faulkner-Brown,438,181,3,357
268,Product Product,Dairy,"Hudson, Martin and Melton",180,133,5,117
269,Us Product,Frozen Foods,"Young, Jenkins and Mcdonald",257,213,2,253
270,Father Product,Beverages,Hunter-Harris,159,185,3,232
271,Someone Product,Personal Care,Wilcox-Moore,386,82,4,69
272,Audience Product,Frozen Foods,"Kelley, Warren and Powers",335,169,1,208
273,Top Product,Personal Care,"Howard, Smith and Clark",377,249,4,150
274,Most Product,Beverages,Hill-May,116,75,3,365
275,Spring Product,Beverages,"Gonzalez, Harrison and Harris",130,236,3,318
276,Reflect Product,Frozen Foods,Wiggins and Sons,252,279,3,355
277,Usually Product,Frozen Foods,"Smith, Guerrero and Simmons",195,292,2,255
278,Control Product,Beverages,Hart Ltd,261,197,4,332
279,Rest Product,Beverages,Martinez-Miller,208,41,2,49
280,Develop Product,Beverages,"Buchanan, Arnold and Rowland",216,100,3,76
281,Such Product,Frozen Foods,"Rose, Allen and Graves",317,128,3,51
282,Prepare Product,Dairy,"Barron, Young and Williams",459,180,1,339
283,Accept Product,Dairy,Bruce-Hamilton,276,288,2,205
284,Determine Product,Bakery,Snyder and Sons,88,201,0,254
285,Front Product,Dairy,Lee and Sons,286,191,2,174
286,Between Product,Dairy,Deleon and Sons,234,115,3,353
287,Everybody Product,Bakery,Rodriguez-Young,201,112,3,227
288,Personal Product,Personal Care,Howell Ltd,163,258,5,338
289,Another Product,Snacks,Warner-Sims,200,183,1,209
290,Group Product,Personal Care,"Morris, Martinez and Powell",485,216,2,334
291,Pull Product,Bakery,Shaw-Beard,472,107,2,198
292,Finally Product,Snacks,Sharp PLC,352,252,4,299
293,Office Product,Beverages,"Gray, Conway and Dean",341,139,2,215
294,Particularly Product,Personal Care,Roy-Garcia,131,80,5,278
295,Interest Product,Snacks,"Jones, Bender and Carey",152,59,0,81
296,Behavior Product,Frozen Foods,Wright LLC,397,254,4,49
297,Never Product,Bakery,"Hampton, Schultz and Schroeder",202,235,1,222
298,Decade Product,Snacks,"Lara, Jefferson and Cole",123,253,4,114
299,Become Product,Bakery,Warren-Anderson,247,135,3,151
300,Soon Product,Dairy,"Young, Bryant and Parker",325,231,4,149
301,Even Product,Frozen Foods,Pratt-Greene,158,290,4,129
302,Above Product,Personal Care,"Johnson, Moyer and Ward",355,180,2,174
303,Attack Product,Dairy,"Morgan, Mcdowell and Nguyen",276,137,1,132
304,Sound Product,Frozen Foods,Barrett LLC,112,90,3,220
305,Describe Product,Frozen Foods,"Buckley, Ramos and Carter",470,219,3,93
306,Type Product,Personal Care,"Silva, Pittman and Garza",88,65,2,292
307,Challenge Product,Snacks,"Stephens, Boyer and Houston",424,46,5,260
308,Design Product,Personal Care,Turner-Roberts,469,136,2,221
309,Low Product,Snacks,Black-Mason,224,43,1,193
310,Fund Product,Beverages,"Jackson, Carter and Jordan",428,202,4,100
311,Health Product,Beverages,Hill-Hunter,179,252,4,101
312,Major Product,Bakery,Nichols-Bailey,261,192,5,39
313,Doctor Product,Personal Care,Lozano and Sons,147,62,5,341
314,Inside Product,Frozen Foods,Ray-Martinez,240,237,1,92
315,Attack Product,Beverages,Allen-Rogers,157,199,3,62
316,Strong Product,Beverages,"Archer, Wilson and Herrera",427,160,3,353
317,Red Product,Frozen Foods,Huang Ltd,309,221,2,30
318,Also Product,Frozen Foods,Mills-Rose,209,180,1,73
319,List Product,Frozen Foods,"Patterson, Dunn and Cain",489,39,3,289
320,Film Product,Frozen Foods,"Green, Brooks and Allen",299,129,2,355
321,Training Product,Dairy,"Williams, Kennedy and Gonzalez",491,91,0,64
322,Guy Product,Personal Care,Reynolds Ltd,159,204,1,327
323,Later Product,Bakery,Watson LLC,391,57,2,203
324,Lot Product,Bakery,Owens-Mueller,129,238,2,275
325,Before Product,Bakery,Williams-Blair,132,58,4,264
326,Despite Product,Beverages,Reid Ltd,182,32,1,51
327,Fact Product,Personal Care,Martinez Ltd,470,164,5,308
328,Crime Product,Dairy,"Dillon, Ortiz and Flores",164,231,1,212
329,Opportunity Product,Beverages,"Schmidt, Stevens and Russell",440,113,1,218
330,Image Product,Dairy,Spencer LLC,450,228,4,227
331,Theory Product,Personal Care,Porter-Robinson,488,159,3,295
332,Arm Product,Personal Care,Wade Group,411,224,0,338
333,Personal Product,Snacks,"Lyons, Olson and Martin",295,110,0,181
334,Huge Product,Personal Care,Ferguson Inc,251,221,1,257
335,Address Product,Personal Care,Robertson PLC,251,224,5,344
336,Debate Product,Dairy,Perry-Calhoun,174,294,5,68
337,Future Product,Bakery,"Jenkins, Chandler and Wilson",337,122,4,111
338,Effect Product,Beverages,"Mitchell, Wiley and Schmidt",114,190,4,47
339,Office Product,Snacks,Myers-Stanley,80,238,2,226
340,Sell Product,Frozen Foods,"Guzman, Martin and Page",65,63,2,219
341,Hot Product,Personal Care,Benjamin and Sons,250,42,1,217
342,Must Product,Dairy,Powers Ltd,191,98,5,43
343,Himself Product,Bakery,Green Inc,134,165,5,90
344,Trouble Product,Personal Care,Pace Ltd,399,217,1,343
345,True Product,Personal Care,"Galvan, Mclaughlin and Pham",362,300,1,99
346,Per Product,Beverages,Castillo PLC,253,272,2,74
347,Beyond Product,Bakery,"Nichols, Williams and Burton",485,296,3,63
348,Thought Product,Frozen Foods,Rocha Group,294,270,4,356
349,Exactly Product,Snacks,Garcia Inc,407,162,1,132
350,Follow Product,Snacks,Crosby-Stout,157,158,2,323
351,Hope Product,Personal Care,Fitzpatrick LLC,260,295,1,74
352,Reach Product,Beverages,Garza-Garrison,189,300,4,299
353,Part Product,Dairy,"Garcia, Booker and Berry",396,251,0,192
354,Pressure Product,Bakery,Miller-Ramirez,83,150,3,95
355,Foot Product,Frozen Foods,Mcclain PLC,338,71,5,251
356,Safe Product,Frozen Foods,Clark-King,460,36,1,108
357,Receive Product,Personal Care,Gonzalez-Shelton,124,110,4,207
358,Business Product,Frozen Foods,Gallegos Ltd,453,257,1,355
359,Movie Product,Frozen Foods,"Haney, Beck and Atkinson",174,195,3,77
360,Main Product,Frozen Foods,Patel-Clarke,338,186,3,117
361,Shoulder Product,Bakery,Ortega-Jones,331,273,2,318
362,Media Product,Beverages,Lee Group,421,28,0,358
363,Up Product,Frozen Foods,"Shaw, Estes and Rocha",169,79,3,346
364,Share Product,Bakery,"Chase, Smith and Hoffman",64,269,3,358
365,Continue Product,Personal Care,Stark-Rodriguez,267,245,3,182
366,Chance Product,Dairy,Riley-Jordan,83,37,2,277
367,Staff Product,Dairy,Mercer Group,142,190,2,193
368,Especially Product,Bakery,Stewart-Sutton,495,117,2,219
369,Green Product,Frozen Foods,"Duncan, Ramirez and Murray",303,109,2,166
370,Modern Product,Dairy,Carroll and Sons,162,47,2,226
371,Subject Product,Frozen Foods,Yoder-Baird,238,290,5,197
372,American Product,Frozen Foods,Johnson-Lara,375,73,1,293
373,What Product,Dairy,"Stewart, Dean and Dickerson",274,106,0,231
374,Happy Product,Frozen Foods,Jones-Schneider,256,87,3,54
375,Away Product,Beverages,Lara Group,177,187,4,270
376,Only Product,Personal Care,Abbott and Sons,292,257,2,165
377,Peace Product,Bakery,Wolf PLC,215,133,0,56
378,Even Product,Frozen Foods,Ward-Torres,303,122,2,227
379,Lead Product,Frozen Foods,"Watson, Cooke and Patton",253,174,4,349
380,Now Product,Bakery,Lee-Washington,325,56,1,221
381,And Product,Personal Care,Diaz-Deleon,301,122,1,338
382,Film Product,Frozen Foods,Salazar PLC,231,31,0,200
383,Thousand Product,Dairy,"Gardner, Jones and Hernandez",284,62,4,101
384,Agreement Product,Personal Care,"Branch, Preston and Townsend",469,109,2,345
385,Social Product,Bakery,"Riley, Bowman and Gamble",429,186,3,290
386,Scene Product,Frozen Foods,"Thompson, Brown and Miller",270,178,2,38
387,Doctor Product,Personal Care,Turner and Sons,199,51,2,187
388,Perhaps Product,Bakery,Jones PLC,442,196,3,165
389,Technology Product,Bakery,"Sanchez, Stein and Henry",402,237,3,56
390,Early Product,Frozen Foods,Vaughn-Lindsey,266,167,4,224
391,Visit Product,Snacks,Golden-White,420,88,3,86
392,About Product,Snacks,"Jackson, Adkins and Lewis",59,108,1,134
393,Affect Product,Dairy,"Sawyer, Rollins and Evans",276,191,2,61
394,Determine Product,Bakery,"Pittman, Burton and Mcdaniel",112,78,2,274
395,Care Product,Frozen Foods,Anderson Ltd,220,288,2,302
396,Huge Product,Personal Care,Campbell-Bennett,296,209,4,359
397,Recognize Product,Bakery,Adams LLC,169,156,5,172
398,Form Product,Frozen Foods,Ortega Inc,184,284,5,177
399,Meeting Product,Bakery,Martinez Inc,143,217,2,208
400,Day Product,Frozen Foods,Valencia Group,470,243,1,92
401,Police Product,Frozen Foods,Robles-Smith,354,126,5,206
402,For Product,Snacks,Torres-Gallagher,181,101,4,207
403,Different Product,Dairy,"Chavez, Sharp and Taylor",345,229,1,305
404,Season Product,Personal Care,Christian and Sons,470,215,1,345
405,State Product,Bakery,"Vaughan, Contreras and Mckee",314,88,3,301
406,Under Product,Snacks,Williams Group,337,35,2,271
407,Item Product,Beverages,"Fisher, Schultz and Moyer",357,58,5,110
408,Down Product,Dairy,"Bennett, Kaiser and Stewart",344,267,2,363
409,Toward Product,Snacks,"Pearson, Smith and Day",390,100,2,60
410,Reveal Product,Beverages,Bell-Hall,344,85,4,49
411,Pattern Product,Snacks,"Sellers, Collins and Douglas",238,255,5,48
412,True Product,Dairy,Murphy-White,405,72,4,178
413,Serve Product,Beverages,"Pennington, David and Lewis",54,179,1,201
414,Arrive Product,Personal Care,"Hernandez, Beck and Armstrong",254,200,3,98
415,Station Product,Frozen Foods,Cox Inc,261,74,1,113
416,Need Product,Bakery,Martin PLC,257,92,1,202
417,Sign Product,Personal Care,"Vazquez, Huber and Green",306,232,1,357
418,Red Product,Dairy,Adams Inc,422,164,1,78
419,Also Product,Snacks,Richardson LLC,492,154,5,33
420,Clear Product,Personal Care,Kane-Hood,223,145,1,198
421,Dream Product,Personal Care,Fisher and Sons,312,180,1,214
422,Fire Product,Bakery,"Oliver, Roach and Cordova",156,207,2,111
423,Too Product,Dairy,"Whitehead, Hernandez and Morris",359,278,4,189
424,Either Product,Bakery,Walters-Castillo,103,277,2,344
425,Third Product,Snacks,Hunt-Kaiser,149,57,1,340
426,Own Product,Personal Care,Walker Group,237,174,2,305
427,Fast Product,Bakery,Dominguez Inc,422,233,3,335
428,Goal Product,Beverages,Krause-Mitchell,286,168,2,318
429,Record Product,Beverages,Turner and Sons,78,173,3,323
430,Fear Product,Frozen Foods,Allen-Chavez,117,112,3,89
431,Can Product,Bakery,"Brooks, Everett and Meyer",142,183,1,291
432,Garden Product,Dairy,"Torres, Taylor and Ellis",414,147,3,263
433,Both Product,Frozen Foods,Jenkins Group,76,149,4,41
434,Message Product,Dairy,Gibbs-Osborn,165,21,1,67
435,Less Product,Beverages,Davis-Higgins,241,216,3,60
436,Commercial Product,Beverages,Dean-Taylor,494,152,2,122
437,Natural Product,Snacks,Frank PLC,395,294,3,245
438,Audience Product,Personal Care,"Norton, Barnes and Evans",497,127,4,223
439,Style Product,Dairy,Garcia Inc,86,290,4,98
440,Run Product,Bakery,Callahan Ltd,437,53,5,231
441,Fill Product,Frozen Foods,Smith-Patel,107,294,4,41
442,End Product,Personal Care,"Lyons, Ramirez and Dennis",258,221,2,224
443,Majority Product,Snacks,"Moreno, Hinton and Turner",161,117,1,87
444,Theory Product,Beverages,Wilkinson-Richardson,414,137,4,38
445,Improve Product,Snacks,"Fletcher, Hayes and Hall",143,48,0,336
446,Year Product,Bakery,"Ashley, Barker and Mejia",366,34,4,235
447,Manage Product,Dairy,"Daugherty, Cunningham and Gallagher",155,81,4,58
448,See Product,Snacks,Cox-James,277,101,4,324
449,Three Product,Personal Care,Morrow-Williams,310,236,4,151
450,Practice Product,Personal Care,Waller-Gomez,444,296,3,241
451,Into Product,Personal Care,Russell LLC,174,176,3,119
452,Entire Product,Bakery,Jenkins-Rose,355,176,0,206
453,Next Product,Bakery,Sanchez Ltd,352,240,2,243
454,Beyond Product,Dairy,Pierce-Herring,117,125,4,272
455,Else Product,Snacks,Phillips and Sons,432,104,4,267
456,Base Product,Beverages,Olson and Sons,303,291,3,98
457,Front Product,Dairy,"Sims, Taylor and Smith",159,77,3,260
458,Great Product,Personal Care,White LLC,92,223,1,167
459,Affect Product,Dairy,Ward-Fisher,353,189,4,126
460,Lead Product,Frozen Foods,Pollard and Sons,376,176,2,200
461,All Product,Personal Care,Beck PLC,481,24,5,90
462,They Product,Bakery,Marshall LLC,500,154,1,339
463,Safe Product,Bakery,Perkins-Lee,142,276,3,174
464,Check Product,Dairy,Walton-Smith,260,202,2,214
465,Drop Product,Frozen Foods,Reyes LLC,447,150,4,270
466,Stock Product,Personal Care,Hunt-Gallagher,461,124,2,318
467,Inside Product,Snacks,Olson and Sons,384,25,3,329
468,Send Product,Frozen Foods,Patton-Gentry,374,103,1,147
469,See Product,Dairy,"Lawson, Espinoza and Dennis",306,89,3,202
470,Effort Product,Personal Care,"Lawson, Williams and Moon",394,157,4,281
471,Environmental Product,Dairy,Cox-Gonzalez,126,243,1,309
472,Trip Product,Dairy,James-Barnett,133,269,5,60
473,Serious Product,Frozen Foods,Clark Group,65,257,5,54
474,Shoulder Product,Beverages,Torres-Lewis,236,256,1,107
475,Song Product,Beverages,Perry-Marsh,148,148,0,356
476,Guess Product,Bakery,Romero Inc,470,276,3,38
477,Provide Product,Beverages,"Perez, Flores and Rogers",290,135,0,170
478,Film Product,Frozen Foods,Hunter Inc,490,25,4,250
479,Picture Product,Snacks,Mcdonald and Sons,98,47,1,128
480,Spring Product,Frozen Foods,Gordon-Wells,287,248,1,233
481,Member Product,Beverages,Avila Group,218,134,3,145
482,Late Product,Personal Care,White-Serrano,358,257,3,362
483,Respond Product,Beverages,Barnes Inc,92,126,3,58
484,Mean Product,Bakery,Edwards-West,54,68,3,252
485,What Product,Bakery,Coleman PLC,403,178,4,78
486,Seem Product,Frozen Foods,Myers-Bennett,464,84,5,320
487,Relationship Product,Dairy,Baldwin PLC,172,279,3,173
488,High Product,Frozen Foods,"Washington, Reyes and Smith",304,29,5,191
489,Who Product,Beverages,Lee-Marsh,483,184,4,233
490,Fall Product,Beverages,"Bridges, Zavala and Lynn",185,178,3,229
491,Professional Product,Bakery,Cox PLC,453,113,4,101
492,Blood Product,Bakery,Rubio LLC,376,160,5,57
493,Sing Product,Beverages,Olson Group,247,255,2,344
494,Nearly Product,Frozen Foods,Hoover-Powers,229,237,0,169
495,Tv Product,Dairy,Coleman-Miller,271,120,5,251
496,Good Product,Snacks,Herman LLC,356,205,1,346
497,Amount Product,Personal Care,"Ward, Cooper and Soto",409,220,1,108
498,Head Product,Dairy,"Sanchez, Yates and Lee",370,197,4,192
499,Try Product,Personal Care,Cook and Sons,98,21,2,214
500,Television Product,Personal Care,Cantu Inc,96,44,2,315
501,Start Product,Frozen Foods,Gomez-Allen,281,49,1,313
502,Top Product,Beverages,Pugh-Delgado,319,240,4,36
503,Knowledge Product,Personal Care,Morris-Thompson,236,238,4,316
504,Operation Product,Snacks,Gonzalez-Roy,307,67,2,101
505,Magazine Product,Personal Care,Allen-Davis,186,158,0,252
506,Over Product,Personal Care,Pacheco and Sons,240,156,0,158
507,Theory Product,Snacks,"Cain, Villanueva and Jackson",374,159,3,264
508,Kitchen Product,Beverages,Obrien-Sutton,111,22,2,347
509,Election Product,Dairy,Perkins and Sons,412,112,2,363
510,Show Product,Frozen Foods,Fisher and Sons,111,110,5,132
511,Building Product,Dairy,Wilkerson and Sons,191,290,5,179
512,Town Product,Bakery,"Wells, Stewart and Obrien",363,157,3,154
513,Best Product,Personal Care,"Dalton, Whitehead and Weber",219,249,2,88
514,Rise Product,Frozen Foods,Patel-Green,140,299,1,311
515,Central Product,Beverages,Reid Inc,479,149,4,254
516,Stay Product,Personal Care,Robbins Group,424,39,4,239
517,Feel Product,Bakery,"Martinez, Nichols and Russell",275,197,1,108
518,Collection Product,Bakery,"Travis, Davis and Farley",240,126,2,336
519,Cut Product,Dairy,Benjamin Group,312,170,5,244
520,Sport Product,Frozen Foods,Curtis LLC,67,291,4,304
521,Data Product,Frozen Foods,Grant Group,337,44,4,211
522,Start Product,Snacks,"Marshall, Gay and Huerta",341,32,5,361
523,New Product,Dairy,"Ford, Clark and Davis",485,113,4,84
524,Join Product,Beverages,Morse Ltd,94,82,4,315
525,First Product,Frozen Foods,Thomas Ltd,359,82,2,267
526,East Product,Bakery,"Olson, Anderson and Suarez",315,160,2,42
527,Else Product,Dairy,Obrien Inc,97,136,5,89
528,International Product,Bakery,"Patterson, Cooper and Moore",114,107,2,135
529,Address Product,Frozen Foods,"Miller, Downs and Patton",267,153,2,261
530,Commercial Product,Personal Care,Moreno-Perkins,80,33,4,41
531,Mother Product,Personal Care,"Rodriguez, Harris and Snyder",342,210,1,154
532,Economy Product,Frozen Foods,Fletcher-Crawford,129,65,3,266
533,Development Product,Snacks,"Patterson, Johnson and Turner",409,196,1,251
534,Moment Product,Dairy,Miller-Klein,63,192,1,333
535,Pm Product,Dairy,Jones-Campbell,225,217,1,62
536,General Product,Frozen Foods,Watkins-Cruz,96,264,1,196
537,Throw Product,Snacks,Blankenship-Cooper,256,93,4,300
538,Eye Product,Bakery,Davis-Figueroa,191,129,2,88
539,Type Product,Personal Care,Patel PLC,208,148,1,182
540,True Product,Frozen Foods,Kelley Inc,316,208,2,152
541,Product Product,Personal Care,"Herrera, Sandoval and Smith",103,125,1,228
542,Owner Product,Dairy,Christensen-Flores,318,181,2,279
543,Game Product,Bakery,Lopez-Ramirez,292,277,5,118
544,Less Product,Frozen Foods,Willis PLC,125,101,1,260
545,Control Product,Frozen Foods,Taylor-Robbins,74,121,0,99
546,Whom Product,Snacks,Tucker and Sons,417,290,3,283
547,Stop Product,Dairy,Moore Inc,358,136,4,280
548,Around Product,Snacks,Navarro-Thompson,87,29,4,179
549,Time Product,Beverages,Jacobs-Smith,174,171,1,264
550,Later Product,Frozen Foods,Kirby-Braun,384,234,3,87
551,Add Product,Frozen Foods,"Conner, Dawson and Perry",101,237,4,217
552,Such Product,Frozen Foods,"King, Thompson and Cook",420,32,4,309
553,Collection Product,Snacks,Parrish PLC,495,49,4,156
554,Month Product,Personal Care,Gordon LLC,444,29,1,74
555,Benefit Product,Dairy,"Ortiz, Travis and Chang",439,53,4,137
556,Box Product,Bakery,"Robertson, Wright and Johnson",315,118,4,353
557,Many Product,Dairy,White-Harris,125,59,1,135
558,Rich Product,Beverages,Wilson Inc,307,169,3,116
559,Usually Product,Personal Care,Christian LLC,491,102,3,293
560,Tough Product,Bakery,Hogan Group,417,58,4,240
561,Measure Product,Beverages,Petersen Group,497,263,1,97
562,Design Product,Snacks,"Montgomery, Carter and Hanna",116,110,1,231
563,Against Product,Dairy,Johnston-Johnson,114,197,3,222
564,Control Product,Dairy,"Burke, Small and Harrison",84,242,4,236
565,Join Product,Frozen Foods,"Martin, Kim and Schultz",387,215,4,262
566,Three Product,Dairy,Sanchez Ltd,197,21,4,77
567,Worry Product,Bakery,"Garcia, Brewer and Hughes",487,198,4,62
568,Avoid Product,Frozen Foods,Gonzalez-Black,229,291,4,283
569,Stop Product,Personal Care,Mata-Mooney,195,99,3,96
570,Local Product,Frozen Foods,David-Tate,434,241,4,54
571,More Product,Beverages,Perez-Stewart,95,239,2,93
572,Here Product,Snacks,Cruz Inc,249,20,5,133
573,Itself Product,Bakery,Johnson and Sons,459,267,2,170
574,Station Product,Beverages,"Riley, Stark and Wilkinson",345,90,2,362
575,Board Product,Snacks,"Palmer, Sanchez and Leonard",73,195,4,149
576,Style Product,Dairy,Martin and Sons,345,217,0,274
577,With Product,Beverages,"Robbins, Berg and Cruz",110,83,3,34
578,Recently Product,Beverages,Thomas PLC,363,249,5,246
579,These Product,Bakery,Brooks-Rodriguez,109,40,2,82
580,Fact Product,Beverages,"Johnson, Mendoza and Moore",191,267,1,98
581,Nature Product,Bakery,"Cohen, Osborne and Hill",497,60,3,34
582,Huge Product,Frozen Foods,Bennett Ltd,343,143,4,351
583,Two Product,Bakery,Baker LLC,118,135,3,141
584,Where Product,Beverages,Wallace Group,453,59,1,226
585,Why Product,Personal Care,Olson-Rivera,483,108,1,171
586,Today Product,Bakery,Swanson PLC,88,175,3,341
587,Kitchen Product,Personal Care,Tran-Gonzalez,401,213,4,184
588,Market Product,Snacks,"Barry, Silva and Lambert",283,163,4,181
589,Budget Product,Bakery,Cruz Inc,75,271,5,283
590,Office Product,Dairy,"Hale, Elliott and Sanders",101,160,3,300
591,Point Product,Beverages,Frederick-Klein,494,282,1,321
592,Agent Product,Dairy,"Young, Beard and Carr",214,211,4,67
593,Cut Product,Beverages,Davis-Moran,314,24,1,60
594,Smile Product,Dairy,Hart Ltd,278,196,3,242
595,Culture Product,Dairy,Taylor Ltd,366,43,3,345
596,Whose Product,Snacks,Hardy-Ortiz,175,107,3,134
597,Step Product,Snacks,"Sharp, Hall and Cole",291,129,3,362
598,Sign Product,Bakery,Lee-Martin,339,107,2,152
599,Fill Product,Beverages,Jones-Peterson,160,279,1,343
600,Change Product,Frozen Foods,"Davis, Nicholson and Blair",75,207,3,119
601,Receive Product,Beverages,Jacobs-Wells,56,58,0,284
602,Many Product,Personal Care,Dawson Inc,285,239,4,115
603,Civil Product,Personal Care,Ewing PLC,107,239,1,90
604,Level Product,Beverages,"Griffin, White and Weber",201,140,3,164
605,Little Product,Bakery,"Hubbard, Schwartz and Herman",489,196,3,291
606,Owner Product,Personal Care,Jimenez Inc,75,261,1,110
607,Cold Product,Personal Care,"Reynolds, Molina and Miller",398,270,3,89
608,Yet Product,Snacks,Pratt-Smith,383,21,4,36
609,Since Product,Snacks,"Mullins, Mills and Mosley",71,122,5,121
610,Each Product,Beverages,Henderson Inc,299,276,4,244
611,Stock Product,Snacks,White-Powell,195,137,4,168
612,Live Product,Beverages,"Barnes, Ortiz and Guerrero",307,53,3,56
613,Represent Product,Snacks,Allen-Davis,150,164,0,235
614,Medical Product,Beverages,Ramos-Nelson,445,262,4,189
615,Fine Product,Personal Care,Hamilton-Mccullough,89,148,2,179
616,City Product,Frozen Foods,"Velazquez, Martinez and Smith",403,227,1,218
617,Into Product,Frozen Foods,"Davis, Rodriguez and Arroyo",487,299,4,309
618,Maybe Product,Snacks,"Vazquez, Cox and Williams",118,281,0,307
619,Pass Product,Personal Care,Vazquez Group,336,214,0,201
620,Blood Product,Beverages,"Campbell, Thompson and Hamilton",392,125,4,187
621,Discuss Product,Beverages,"Moore, French and Burke",142,295,2,60
622,Camera Product,Snacks,Nicholson Inc,370,46,5,296
623,Mouth Product,Dairy,Warren Inc,365,124,5,73
624,Yard Product,Frozen Foods,Davis-Moreno,93,57,4,68
625,Account Product,Frozen Foods,Greer LLC,306,142,5,151
626,Author Product,Personal Care,Jarvis-Hardy,167,108,4,197
627,Wear Product,Personal Care,Mckee-Davis,254,85,5,99
628,Move Product,Frozen Foods,Walter Inc,99,50,2,190
629,Do Product,Dairy,Yates and Sons,104,120,4,261
630,Southern Product,Personal Care,Fuller-Bennett,259,259,1,185
631,View Product,Bakery,Keith and Sons,364,31,4,197
632,Continue Product,Snacks,"Green, Fuller and Brown",91,90,2,292
633,South Product,Beverages,Spence and Sons,355,93,5,45
634,Old Product,Dairy,"Giles, Perkins and Hanson",435,176,3,78
635,Us Product,Dairy,Berger-Perez,96,242,1,61
636,You Product,Snacks,Jones Ltd,109,251,2,352
637,Fund Product,Bakery,Adams PLC,88,184,5,68
638,Second Product,Beverages,Peterson-Dawson,499,75,3,95
639,Guy Product,Beverages,Stone-Moore,457,252,2,51
640,Us Product,Dairy,"Jones, Smith and Alexander",73,279,2,232
641,Fund Product,Dairy,Cunningham-Hutchinson,63,211,1,139
642,Beautiful Product,Snacks,Bender Inc,174,145,1,344
643,Test Product,Frozen Foods,"Foster, White and Mills",328,201,3,311
644,Such Product,Dairy,Cunningham Inc,77,98,1,132
645,Pull Product,Bakery,Wilson LLC,448,167,3,308
646,Adult Product,Beverages,"Schwartz, Acosta and Williams",495,239,2,308
647,Or Product,Dairy,Levine-Garcia,205,178,2,168
648,Find Product,Snacks,Ryan-Velazquez,62,187,0,173
649,Who Product,Beverages,Miller-Powers,414,152,2,329
650,Although Product,Snacks,Rojas and Sons,488,48,3,166
651,Difference Product,Frozen Foods,Smith-Scott,417,277,0,142
652,Beautiful Product,Frozen Foods,Mathis-Pierce,431,243,2,118
653,Produce Product,Snacks,"Weaver, Vasquez and Rodriguez",156,109,4,213
654,Always Product,Frozen Foods,Davis-Wood,63,216,5,318
655,Course Product,Snacks,Murphy Group,303,73,5,282
656,Owner Product,Frozen Foods,Williams-Martinez,189,157,1,149
657,Work Product,Frozen Foods,"Thomas, Taylor and Perry",148,167,0,344
658,Great Product,Snacks,Hurley-Bass,413,115,1,195
659,Almost Product,Beverages,"Myers, Ross and Coleman",60,184,5,86
660,Consumer Product,Frozen Foods,Reynolds-Rodriguez,437,289,2,232
661,Affect Product,Frozen Foods,Garcia Inc,95,104,1,110
662,Open Product,Bakery,Smith-Kidd,477,242,5,362
663,Build Product,Personal Care,Montoya PLC,128,291,4,344
664,Deep Product,Personal Care,"Larson, Hughes and Ruiz",150,185,1,187
665,Hard Product,Bakery,"Gonzalez, Coleman and Berger",360,56,4,323
666,Red Product,Dairy,"Evans, Davis and Harris",433,236,3,123
667,Memory Product,Frozen Foods,"Wilson, Smith and Lawson",193,246,3,357
668,Notice Product,Frozen Foods,"Lee, Glenn and Greene",97,159,2,69
669,Edge Product,Snacks,Dominguez Inc,206,109,3,75
670,Artist Product,Bakery,Wilson Inc,352,224,2,35
671,Practice Product,Personal Care,Gonzalez Group,144,214,2,85
672,Investment Product,Bakery,Hanson LLC,51,128,4,115
673,Read Product,Dairy,Frost and Sons,272,126,3,81
674,Should Product,Dairy,"Doyle, Wise and White",405,182,4,145
675,And Product,Snacks,Harmon-Cook,253,244,0,40
676,Rest Product,Personal Care,"Avila, Gaines and Watts",168,49,2,222
677,Somebody Product,Snacks,Day-Taylor,379,173,5,77
678,Smile Product,Personal Care,"Nelson, Schmidt and Miller",317,192,2,45
679,Level Product,Dairy,"Sanchez, Lopez and Cook",474,66,4,110
680,Fight Product,Beverages,Jones-Williams,96,78,1,313
681,Agree Product,Bakery,Stewart LLC,467,171,3,182
682,Guess Product,Snacks,Johnston Inc,93,130,3,281
683,Study Product,Snacks,"West, Nelson and Mitchell",75,21,1,350
684,Doctor Product,Frozen Foods,"Perry, Miller and Nunez",266,47,1,356
685,With Product,Personal Care,Rodriguez Ltd,490,153,1,233
686,Program Product,Dairy,Logan PLC,270,205,1,308
687,Improve Product,Dairy,Reynolds and Sons,133,268,2,258
688,Might Product,Beverages,Moore Group,168,150,1,167
689,Executive Product,Frozen Foods,"Coleman, Wilson and Stone",78,231,3,73
690,Eat Product,Bakery,Moore Inc,205,172,5,331
691,Apply Product,Snacks,"Diaz, Kent and Lane",299,255,4,244
692,Various Product,Frozen Foods,Tyler PLC,359,282,3,150
693,Dark Product,Dairy,Hamilton and Sons,184,131,4,47
694,First Product,Frozen Foods,"Shaffer, Mooney and Nash",307,165,3,347
695,Listen Product,Snacks,Mays-Cordova,104,232,1,115
696,Become Product,Snacks,Caldwell-Lynn,414,55,2,252
697,Would Product,Snacks,Fowler-Watson,499,196,4,162
698,Part Product,Personal Care,"Luna, Montes and Castillo",460,276,0,228
699,Reduce Product,Frozen Foods,Oconnell-Norton,229,111,1,264
700,Can Product,Beverages,"Conner, Lee and Wilson",404,194,3,244
701,Morning Product,Beverages,Rodgers Group,237,62,3,81
702,Begin Product,Beverages,Clark-Williams,303,48,2,304
703,Practice Product,Personal Care,Huang LLC,445,94,3,322
704,Late Product,Frozen Foods,Miller-Rose,263,68,2,346
705,Far Product,Frozen Foods,"Briggs, Ross and Powell",356,132,2,199
706,Explain Product,Bakery,"Parker, Wright and Tucker",157,229,5,220
707,Church Product,Beverages,Palmer Inc,202,242,2,281
708,Theory Product,Bakery,Taylor Inc,358,292,1,183
709,Response Product,Bakery,Guerra-Jennings,249,251,1,243
710,Perform Product,Frozen Foods,Fox-Poole,341,73,1,238
711,What Product,Bakery,Reynolds LLC,268,165,2,58
712,However Product,Frozen Foods,Thompson-Walker,406,38,4,236
713,Later Product,Snacks,Lara Group,401,167,3,118
714,Summer Product,Snacks,"Mcdonald, Dickson and Williams",444,76,0,46
715,Every Product,Dairy,"Briggs, Boyer and Moore",73,121,1,218
716,Success Product,Dairy,Miller-Jones,277,198,1,45
717,Throw Product,Snacks,Farrell PLC,218,186,1,272
718,Treat Product,Frozen Foods,"Charles, Sims and Wood",298,116,4,162
719,Generation Product,Bakery,Alvarez-Williams,424,45,0,55
720,Find Product,Snacks,"Hamilton, Pacheco and Molina",434,238,1,143
721,Analysis Product,Bakery,Carey-Blake,151,78,3,292
722,Require Product,Beverages,"White, Flores and Banks",439,291,3,272
723,Move Product,Snacks,Maxwell LLC,341,188,0,159
724,Individual Product,Frozen Foods,Barry-Young,412,106,5,359
725,Various Product,Personal Care,Hanna and Sons,241,125,2,159
726,Science Product,Snacks,Romero Group,260,210,4,233
727,Offer Product,Frozen Foods,Richardson-Harris,96,163,3,221
728,Often Product,Frozen Foods,Montgomery-Friedman,341,191,2,85
729,Speak Product,Dairy,Baird-May,79,297,3,171
730,Discuss Product,Personal Care,Jefferson and Sons,345,287,3,126
731,South Product,Snacks,Velez-Stevens,283,87,0,337
732,Leave Product,Dairy,Hendrix-Paul,347,211,4,365
733,Process Product,Dairy,"Erickson, Rodriguez and Santos",499,93,2,228
734,Home Product,Bakery,Price-Harris,66,218,3,127
735,Activity Product,Personal Care,Mendez Group,377,82,3,273
736,Quite Product,Bakery,"Harris, Hart and Price",211,104,1,315
737,Position Product,Snacks,King-Howard,182,152,4,316
738,Go Product,Snacks,"Gallagher, Garcia and Smith",476,272,3,143
739,Especially Product,Personal Care,Mcneil-Brady,151,264,2,199
740,Reduce Product,Personal Care,Berger-Ellis,167,102,4,270
741,Friend Product,Beverages,"Newman, Anderson and Chen",440,183,5,66
742,My Product,Dairy,"Harrison, Tanner and Hawkins",450,160,4,225
743,Opportunity Product,Frozen Foods,Lawrence Ltd,184,35,4,100
744,Others Product,Snacks,Taylor Group,204,296,4,264
745,Character Product,Snacks,Kennedy and Sons,192,220,4,279
746,Cold Product,Personal Care,Terry-Patton,334,70,3,32
747,Pass Product,Dairy,Cooper-Conway,173,233,1,111
748,Gun Product,Dairy,Davis LLC,403,238,1,252
749,Another Product,Bakery,Olson Group,243,140,2,32
750,Year Product,Beverages,Smith and Sons,290,225,5,194
751,Foreign Product,Frozen Foods,Savage-Ball,136,209,3,157
752,Draw Product,Snacks,Ward LLC,362,116,1,226
753,Turn Product,Frozen Foods,Wheeler LLC,315,67,4,182
754,So Product,Personal Care,Obrien-Morris,255,166,3,252
755,Military Product,Bakery,Fisher PLC,498,116,5,213
756,Themselves Product,Snacks,Benson-Wood,124,274,4,39
757,Open Product,Snacks,Clark Ltd,151,296,1,41
758,Light Product,Frozen Foods,"Douglas, Chavez and Huber",277,54,4,49
759,Throw Product,Dairy,Pierce PLC,444,92,3,54
760,Job Product,Frozen Foods,"Mcintosh, Jensen and Harris",498,205,3,40
761,Admit Product,Beverages,Rollins-Nguyen,360,137,2,310
762,Possible Product,Personal Care,Cook PLC,263,63,4,352
763,Cell Product,Beverages,Meyers Group,186,205,3,168
764,Himself Product,Frozen Foods,"Phillips, Potts and Hughes",323,58,4,83
765,Wife Product,Frozen Foods,Jackson-Bailey,373,53,1,84
766,Key Product,Dairy,"Hansen, Wilson and Harvey",139,76,1,297
767,His Product,Snacks,"Sherman, Maldonado and Todd",211,135,1,310
768,School Product,Dairy,Lawrence-Jackson,460,213,2,150
769,Sport Product,Beverages,Sullivan-Mendoza,56,45,1,323
770,Practice Product,Bakery,Lee and Sons,272,286,4,68
771,Adult Product,Bakery,"Kirk, Carroll and Hart",376,273,3,263
772,Ability Product,Personal Care,"Bell, Hubbard and Thompson",169,34,4,50
773,Himself Product,Personal Care,Bishop Inc,212,209,2,89
774,Game Product,Beverages,Hines Ltd,433,269,0,100
775,Activity Product,Bakery,"Fernandez, Hood and Rowland",341,112,4,348
776,Process Product,Personal Care,Knapp Ltd,445,46,4,123
777,Term Product,Beverages,Griffith LLC,230,289,1,227
778,Prevent Product,Bakery,Caldwell Inc,433,244,3,115
779,Result Product,Beverages,Smith Inc,110,223,5,111
780,Activity Product,Beverages,Powers-Martin,237,185,4,254
781,Section Product,Snacks,Gordon and Sons,325,238,3,96
782,Task Product,Dairy,Velez-Mendoza,464,52,2,53
783,Maybe Product,Beverages,Williams-Peters,168,108,4,298
784,Step Product,Bakery,"Montgomery, Smith and Wilson",309,178,5,203
785,Drive Product,Frozen Foods,Mitchell-Parker,285,216,1,157
786,Concern Product,Dairy,"Fischer, Craig and Green",206,209,2,315
787,Behavior Product,Frozen Foods,Gonzalez-Jones,75,200,1,270
788,Wall Product,Dairy,Trujillo-Garza,441,41,3,153
789,Data Product,Personal Care,Gill-Rodriguez,487,34,1,359
790,Own Product,Dairy,"Ellison, Barrett and Smith",231,86,2,323
791,Late Product,Dairy,"Mason, Rice and Ruiz",90,160,2,284
792,Office Product,Bakery,"Taylor, Marshall and Stark",344,49,2,315
793,Use Product,Frozen Foods,Kline PLC,50,45,3,346
794,Nor Product,Bakery,Gross Group,187,162,1,263
795,Rise Product,Personal Care,Houston-Ibarra,214,35,1,262
796,Keep Product,Personal Care,Garrison Group,302,194,2,216
797,Finally Product,Bakery,Roberts Inc,254,47,3,31
798,Church Product,Personal Care,"Moody, Herman and Lutz",210,197,4,310
799,Season Product,Frozen Foods,Sanchez LLC,218,50,4,282
800,Property Product,Snacks,Harrell Group,420,228,2,160
801,Of Product,Frozen Foods,"Parker, Hill and Allen",138,54,4,140
802,Share Product,Dairy,"Jones, Macdonald and Perez",421,73,2,242
803,Behavior Product,Beverages,"Carey, Khan and Rosales",467,254,3,260
804,Event Product,Dairy,Gonzalez-Beck,346,288,1,285
805,Above Product,Beverages,Knight-Johnson,289,34,5,329
806,Real Product,Dairy,"Avila, Scott and Fox",466,239,5,326
807,Wait Product,Snacks,"Williams, Goodman and Roberts",379,56,2,337
808,Land Product,Frozen Foods,Gonzalez-Sanchez,447,161,2,341
809,Energy Product,Bakery,Hayes Inc,393,97,5,180
810,Camera Product,Dairy,Watson Group,412,59,3,292
811,Crime Product,Personal Care,"Ingram, Heath and Flores",429,173,2,313
812,Air Product,Bakery,"Freeman, Castillo and Hodge",148,79,4,206
813,Anything Product,Bakery,Reynolds-Olson,110,219,5,121
814,Tax Product,Frozen Foods,Miller Ltd,294,198,4,210
815,Maybe Product,Frozen Foods,Hunt-Obrien,266,180,3,243
816,Design Product,Bakery,Carrillo-Travis,387,256,2,246
817,Blood Product,Beverages,Fox-Jones,285,27,1,58
818,Majority Product,Snacks,Valdez-Baker,170,240,5,158
819,Together Product,Snacks,"Lewis, Rogers and Haas",428,213,2,307
820,These Product,Beverages,Jenkins-Crane,211,147,3,317
821,Room Product,Snacks,Black PLC,384,177,1,177
822,Occur Product,Bakery,Todd-Lewis,349,279,2,190
823,Send Product,Frozen Foods,Rhodes Ltd,74,228,1,256
824,Law Product,Snacks,Arellano-Howard,460,217,3,331
825,Song Product,Frozen Foods,Fox Inc,382,75,4,129
826,Evening Product,Personal Care,Nunez and Sons,252,295,0,118
827,Light Product,Bakery,Smith-Brady,281,126,2,314
828,Southern Product,Personal Care,"Harrison, Ware and Fitzpatrick",109,184,1,199
829,Hit Product,Dairy,"Wilson, Lopez and Kramer",369,63,1,195
830,Eye Product,Frozen Foods,Burns-Reynolds,73,281,3,184
831,Our Product,Dairy,Henson-Williams,405,174,0,192
832,Model Product,Frozen Foods,Ballard-Calderon,149,71,0,288
833,Floor Product,Snacks,"Warner, Ramos and Lawson",237,170,1,143
834,As Product,Snacks,"Johnson, Anderson and Garcia",349,113,2,346
835,Shoulder Product,Frozen Foods,"Garcia, Johns and Bailey",264,177,4,362
836,Car Product,Beverages,Gallagher and Sons,102,117,1,358
837,West Product,Frozen Foods,West-Harris,463,88,0,194
838,Surface Product,Dairy,"Stephens, Martinez and Wong",462,285,2,306
839,Material Product,Bakery,Chang Group,177,275,4,221
840,Friend Product,Frozen Foods,"Rodriguez, Robinson and Salazar",411,145,0,363
841,Institution Product,Snacks,Key Inc,194,43,1,305
842,But Product,Frozen Foods,"Morrison, Small and Cummings",53,38,3,139
843,Condition Product,Bakery,Patterson-Walker,241,49,3,252
844,North Product,Bakery,Yang-Johnson,418,40,3,42
845,Hotel Product,Dairy,"Torres, Hayes and Rangel",373,31,0,121
846,Create Product,Personal Care,Garcia Ltd,301,181,1,162
847,Street Product,Dairy,Espinoza PLC,225,196,2,38
848,Dream Product,Dairy,Sandoval-Wells,353,170,3,346
849,Wife Product,Beverages,"Smith, Christensen and Hill",390,184,4,67
850,Whole Product,Personal Care,Potter-Marshall,468,50,4,184
851,Specific Product,Frozen Foods,Yu Inc,89,234,2,232
852,Image Product,Bakery,"Olson, Galloway and Smith",64,64,1,230
853,About Product,Frozen Foods,"Barnes, Turner and Harrison",183,198,2,361
854,Popular Product,Personal Care,Welch-Massey,481,23,4,102
855,Head Product,Beverages,James-Warren,69,180,2,310
856,Better Product,Beverages,Smith-Nixon,187,230,5,206
857,Image Product,Snacks,Torres Inc,236,201,3,112
858,Lay Product,Snacks,"Jones, Harrington and Moore",149,254,1,122
859,Government Product,Bakery,Villa PLC,410,259,4,311
860,It Product,Dairy,Mccullough-Johnson,340,40,3,158
861,Week Product,Beverages,Morris Ltd,139,183,5,212
862,Attention Product,Snacks,Pitts-Blake,352,86,2,65
863,World Product,Snacks,Smith-Stewart,193,146,3,186
864,Wonder Product,Bakery,Best Inc,313,178,2,191
865,Alone Product,Dairy,"Hill, Davis and Turner",126,108,4,358
866,Case Product,Dairy,Wilson Ltd,175,121,3,199
867,Last Product,Dairy,White-Ward,258,120,2,312
868,Certainly Product,Beverages,Hayes Group,129,190,4,101
869,Exactly Product,Frozen Foods,"Clark, Brown and Reynolds",138,225,3,68
870,Every Product,Beverages,Jimenez Ltd,432,197,4,326
871,Out Product,Dairy,Fitzpatrick-Velasquez,396,80,0,163
872,Without Product,Frozen Foods,Zimmerman-Oneill,452,171,3,106
873,Determine Product,Personal Care,Davidson-Valencia,227,270,3,178
874,Threat Product,Snacks,"Hodge, Moody and Brock",259,163,2,287
875,Very Product,Beverages,Griffin-Cooper,348,257,4,344
876,Movement Product,Bakery,Richardson LLC,125,164,2,121
877,Culture Product,Frozen Foods,Parker-Gomez,477,205,5,277
878,Be Product,Personal Care,Kerr-Nguyen,68,233,1,165
879,Help Product,Personal Care,Davis-Ramirez,155,207,3,214
880,Respond Product,Dairy,"Washington, Ramirez and Miranda",261,147,0,362
881,Practice Product,Personal Care,"Miranda, Horton and Chandler",96,291,3,170
882,Least Product,Bakery,"Ramirez, Higgins and Bird",168,172,1,364
883,Model Product,Dairy,"Howard, Rowland and Gilmore",214,203,4,294
884,Discuss Product,Personal Care,James Group,219,274,3,210
885,Sure Product,Personal Care,Martinez-Douglas,269,155,3,286
886,Thousand Product,Snacks,Wright-Romero,248,84,3,173
887,Various Product,Snacks,Morris Group,118,64,3,90
888,Tree Product,Bakery,Alvarez-Avila,154,247,4,276
889,Difficult Product,Bakery,Miller-Dixon,265,79,1,240
890,Hand Product,Beverages,Schneider-Mason,160,56,3,98
891,Evidence Product,Bakery,Jenkins and Sons,281,269,1,115
892,Hit Product,Personal Care,Jones-Cook,465,165,2,318
893,Three Product,Bakery,Cross Group,58,221,3,175
894,Explain Product,Beverages,Carter Ltd,147,190,2,276
895,Structure Product,Snacks,Price-Graham,149,135,1,328
896,Star Product,Snacks,"Holden, Yang and Rodriguez",330,163,1,205
897,Structure Product,Dairy,"Mitchell, Ramirez and Ramirez",318,39,2,97
898,Speech Product,Beverages,Pope LLC,57,166,5,244
899,Deal Product,Snacks,Flynn PLC,322,70,5,337
900,Age Product,Beverages,"Nguyen, Pruitt and Foster",445,169,4,77
901,Total Product,Dairy,"Johns, Lane and Wells",347,273,3,30
902,For Product,Bakery,Horn LLC,342,166,2,52
903,Child Product,Bakery,"Shelton, Graham and Williams",288,84,4,225
904,Also Product,Personal Care,Black Ltd,315,228,4,324
905,Stuff Product,Beverages,"Wallace, Savage and Lynch",241,91,4,72
906,Sit Product,Personal Care,Cox Ltd,319,172,1,32
907,Least Product,Bakery,Cabrera LLC,385,22,3,296
908,Indeed Product,Beverages,"Hartman, Moreno and Hernandez",219,78,4,239
909,Policy Product,Personal Care,"Ayala, Lee and Brown",98,139,3,163
910,Defense Product,Frozen Foods,"Lopez, Graves and Ramirez",241,122,1,233
911,Cause Product,Snacks,Miller-Byrd,236,239,2,219
912,Unit Product,Frozen Foods,"Johnson, Hanson and Garcia",300,91,2,206
913,That Product,Bakery,Welch-Reynolds,229,59,4,90
914,Activity Product,Bakery,Freeman-Wright,153,239,5,81
915,Our Product,Snacks,Jones PLC,279,240,4,344
916,Team Product,Bakery,Torres LLC,358,35,2,355
917,Outside Product,Beverages,Mccarthy Inc,412,251,2,337
918,Price Product,Dairy,Scott-Miller,90,94,2,341
919,Side Product,Beverages,Wright-Sims,376,281,2,365
920,Leg Product,Frozen Foods,"Marquez, Lucas and Lynch",179,290,0,119
921,Low Product,Bakery,Peters and Sons,272,23,4,295
922,Stop Product,Personal Care,Hunt-Lewis,138,240,3,148
923,Let Product,Frozen Foods,"Brady, Gaines and Moore",126,30,1,30
924,Peace Product,Snacks,Brown and Sons,89,97,2,232
925,Test Product,Dairy,"Thomas, Jordan and Smith",314,165,4,65
926,Green Product,Beverages,Jones Inc,297,223,3,328
927,Treatment Product,Personal Care,Hooper Group,206,248,1,129
928,Economic Product,Dairy,Park-James,468,181,1,238
929,Appear Product,Frozen Foods,"Keller, Eaton and Mcgee",98,40,2,89
930,Radio Product,Frozen Foods,Ray-Kirk,481,265,4,324
931,Film Product,Personal Care,Martin PLC,362,291,3,154
932,Area Product,Personal Care,Butler-Bryant,483,148,2,330
933,Different Product,Beverages,Hernandez-Stewart,267,92,2,142
934,Some Product,Bakery,"Holland, Brown and Morgan",366,244,2,210
935,Traditional Product,Frozen Foods,Campbell Group,291,216,1,177
936,Themselves Product,Beverages,"Baker, Wilkins and Roth",230,230,2,313
937,Society Product,Snacks,"Petersen, Edwards and Hernandez",264,119,4,167
938,Think Product,Snacks,Miller-Stewart,476,211,5,285
939,End Product,Bakery,Day LLC,140,226,4,135
940,Ready Product,Snacks,Serrano-Robinson,141,90,3,109
941,Effect Product,Beverages,"Buck, Weiss and Clarke",104,42,5,282
942,Answer Product,Frozen Foods,"Johnson, Morgan and Griffin",53,260,5,276
943,Too Product,Personal Care,"Patterson, Lee and Baird",329,158,5,324
944,Message Product,Personal Care,Fields-Gonzales,271,296,5,173
945,Product Product,Dairy,"Lee, Carroll and Gonzalez",150,181,0,246
946,Protect Product,Dairy,Nelson-Obrien,473,29,2,119
947,Perform Product,Dairy,"Jones, Roberts and Jones",489,216,2,34
948,Character Product,Beverages,"Stevens, Daniels and Robles",353,126,1,215
949,Week Product,Frozen Foods,Massey-Gibson,438,72,1,167
950,Enough Product,Dairy,"Barnes, Meadows and Lowe",481,116,1,247
951,Visit Product,Snacks,Garcia-Webb,239,231,2,235
952,Economy Product,Personal Care,Carter-Brown,253,180,5,147
953,Offer Product,Beverages,Kramer PLC,374,245,3,225
954,Possible Product,Snacks,Young-Smith,116,289,1,34
955,Law Product,Snacks,Sanchez and Sons,240,58,4,352
956,Discussion Product,Frozen Foods,Walker LLC,290,108,2,158
957,Policy Product,Frozen Foods,Walsh-Griffin,436,33,1,113
958,Your Product,Beverages,"Santos, Wiley and Washington",147,91,4,79
959,Now Product,Dairy,Santiago Ltd,385,93,2,315
960,Add Product,Personal Care,"Ingram, George and Phillips",205,135,2,340
961,Government Product,Snacks,Glover-Mendoza,310,202,3,175
962,Product Product,Personal Care,Miller PLC,196,163,4,258
963,Fire Product,Beverages,Burke PLC,221,100,3,104
964,Enough Product,Snacks,Lee PLC,338,280,2,343
965,Enter Product,Frozen Foods,Castro Group,232,274,0,205
966,Nearly Product,Snacks,"Garcia, Quinn and Mclaughlin",191,203,4,339
967,Building Product,Bakery,Hughes LLC,228,269,4,215
968,Since Product,Bakery,"White, Hall and Castillo",314,290,2,124
969,Local Product,Beverages,Pierce Ltd,106,86,1,70
970,Operation Product,Snacks,Lee-Cain,125,49,0,272
971,Too Product,Frozen Foods,Mccormick Inc,74,236,3,72
972,Office Product,Beverages,Johnson PLC,168,63,3,229
973,Break Product,Personal Care,"Baker, Weaver and Velazquez",153,227,2,94
974,Only Product,Snacks,Stephens-Johnson,287,68,0,212
975,Summer Product,Personal Care,Roberts-Castaneda,439,151,4,169
976,Knowledge Product,Frozen Foods,Rodriguez PLC,250,291,4,120
977,Arm Product,Frozen Foods,"Garza, Smith and Watson",319,197,3,318
978,Majority Product,Dairy,"Butler, Noble and Reynolds",286,199,2,207
979,Last Product,Dairy,Schroeder Ltd,293,245,2,217
980,Worry Product,Dairy,"Romero, Perry and Jones",167,105,0,99
981,Involve Product,Personal Care,Rivera Ltd,179,170,3,281
982,Set Product,Dairy,Vasquez LLC,185,234,4,335
983,Exactly Product,Snacks,Rose-Bonilla,409,174,1,317
984,Charge Product,Dairy,Daniels Group,228,66,4,229
985,May Product,Dairy,"Walker, Anderson and Zuniga",149,42,3,294
986,Research Product,Frozen Foods,"Snyder, Matthews and Allen",413,212,1,302
987,System Product,Personal Care,"Hensley, Rice and Rogers",236,259,1,178
988,Quality Product,Beverages,"Lee, West and Davis",337,193,1,348
989,Part Product,Dairy,Brown-Bullock,135,25,0,303
990,Student Product,Beverages,Hanson-Andersen,134,49,1,254
991,Turn Product,Bakery,Cox and Sons,54,45,0,141
992,Best Product,Personal Care,Mclaughlin PLC,239,240,3,220
993,Prove Product,Dairy,Sanders-Raymond,364,29,0,104
994,Radio Product,Beverages,"Alvarez, Flores and Wagner",170,130,3,122
995,Interest Product,Snacks,"Castillo, Holmes and Frazier",453,90,2,36
996,Main Product,Beverages,Obrien-Villa,489,220,2,256
997,Eye Product,Snacks,"Burke, Underwood and Livingston",382,29,2,78
998,Goal Product,Frozen Foods,Brown-Spence,350,78,2,189
999,Make Product,Personal Care,"Newman, Henry and Thomas",121,224,4,311
1000,Really Product,Frozen Foods,Thomas PLC,105,155,2,214
